t_s,target_kmh,speed_kmh,battery_kw,soc_pct,pack_c,motor_c,inverter_c
0,0,0,0.7,79.9999,23,23.0001,23.0001
1,0,0,0.7,79.9996,23,23.0066,23.0132
2,0,0,0.7,79.9994,23,23.013,23.0262
3,0,0,0.7,79.9992,23,23.0195,23.0391
4,0,0,0.7,79.999,23,23.0259,23.0519
5,0,0,0.7,79.9987,23,23.0324,23.0646
6,0,0,0.7,79.9985,23,23.0388,23.0772
7,0,0,0.7,79.9983,23,23.0452,23.0897
8,0,0,0.7,79.998,23,23.0515,23.1021
9,0,0,0.7,79.9978,23,23.0579,23.1144
10,0,0,0.7,79.9976,23,23.0642,23.1267
11,0,0.0554,0.7383,79.9974,23,23.0707,23.1392
12,0.2,0.9164,1.1187,79.9971,23,23.0796,23.1563
13,1.7,2.7013,2.1681,79.9965,23,23.0934,23.1835
14,5.4,5.5271,4.9403,79.9953,23,23.1164,23.2289
15,9.9,9.1477,9.9501,79.993,23,23.1487,23.293
16,13.1,13.1948,11.8768,79.9895,23.0001,23.1873,23.3694
17,16.9,17.1498,14.6688,79.985,23.0002,23.2259,23.4453
18,21.7,21.1076,17.4765,79.9795,23.0003,23.2658,23.5236
19,26,24.5488,19.7835,79.9738,23.0005,23.3005,23.5912
20,27.5,27.0026,11.4354,79.9691,23.0006,23.3271,23.642
21,28.1,28.0714,7.2448,79.9663,23.0006,23.3447,23.6745
22,28.3,28.5941,4.4227,79.9645,23.0006,23.3606,23.7032
23,28.8,29.0043,7.4892,79.9627,23.0007,23.3763,23.7316
24,29.1,29.7852,5.0705,79.9604,23.0007,23.3933,23.7626
25,30.8,30.7262,12.8882,79.9576,23.0007,23.4115,23.7957
26,31.9,32.4003,11.8998,79.9534,23.0008,23.4337,23.8368
27,34.1,34.2368,16.716,79.9486,23.0009,23.4577,23.8814
28,36.6,36.5168,19.6318,79.9425,23.0011,23.4859,23.9341
29,39.1,38.8152,19.4449,79.9361,23.0013,23.5152,23.9889
30,41.3,40.7789,19.1164,79.93,23.0014,23.5428,24.0401
31,42.5,42.2964,14.1683,79.9249,23.0016,23.5684,24.087
32,43.3,43.2606,11.1322,79.9209,23.0016,23.5917,24.129
33,43.9,43.9057,8.7619,79.9177,23.0017,23.6141,24.169
34,44.4,44.2791,7.4622,79.9152,23.0017,23.6359,24.2077
35,44.5,44.3125,2.7418,79.9135,23.0017,23.6572,24.2452
36,44.2,43.8956,1.5773,79.9129,23.0017,23.6779,24.2814
37,42.7,42.9578,1.5534,79.9135,23.0018,23.7018,24.3237
38,39.9,40.0324,-30.8908,79.9183,23.002,23.7381,24.3911
39,37,37.5244,1.4193,79.922,23.0022,23.7704,24.45
40,34.6,34.6153,-26.427,79.9261,23.0024,23.8042,24.5116
41,32.3,32.1229,1.2934,79.9292,23.0025,23.8339,24.5649
42,29,28.7173,-21.5584,79.9334,23.0027,23.8686,24.6279
43,25.1,25.7278,1.1541,79.9365,23.0028,23.8993,24.6824
44,22.2,23.3061,1.1041,79.9386,23.0028,23.925,24.727
45,20.9,21.9107,1.076,79.9394,23.0029,23.9431,24.7558
46,20.4,21.0288,1.0585,79.9396,23.0029,23.9572,24.7767
47,19.5,20.1481,1.0412,79.9398,23.0029,23.9711,24.7968
48,18.4,19.2689,1.0241,79.94,23.0029,23.9846,24.8163
49,17.8,18.391,1.0073,79.9401,23.0029,23.9978,24.8351
50,17.8,18.025,1.0003,79.9398,23.0029,24.0075,24.8466
51,17.4,16.7189,-10.8979,79.9402,23.0029,24.023,24.87
52,15.7,15.4017,0.9514,79.9407,23.0029,24.0376,24.8915
53,13.1,13.8186,0.9228,79.9412,23.0029,24.0526,24.9138
54,12.1,12.725,0.9034,79.9414,23.0029,24.0642,24.9289
55,12,12.3657,0.8971,79.9411,23.0029,24.0719,24.9365
56,12,12.0068,0.8908,79.9408,23.0029,24.0796,24.9438
57,12,11.6482,0.8846,79.9405,23.0029,24.0872,24.951
58,12.3,11.6678,3.2752,79.94,23.0029,24.0951,24.959
59,12.6,12.5343,2.2757,79.9388,23.0029,24.1053,24.9713
60,14.7,13.44,6.1064,79.9375,23.0029,24.1161,24.9849
61,15.3,14.6983,4.1225,79.9359,23.003,24.1285,25.0019
62,15.9,15.4292,4.3625,79.9346,23.003,24.139,25.0148
63,16.2,16.1461,3.3438,79.9333,23.003,24.1496,25.028
64,17.1,16.7566,4.2281,79.932,23.003,24.1601,25.041
65,17.8,17.4192,4.3494,79.9307,23.003,24.171,25.0546
66,18.1,18.0749,5.1153,79.9293,23.003,24.182,25.0687
67,18.4,19.07,5.3726,79.9275,23.003,24.1946,25.0857
68,20.3,20.6633,9.8738,79.9248,23.003,24.2108,25.1101
69,23.2,23.1845,14.794,79.9207,23.0031,24.2345,25.1494
70,26.5,26.2301,18.1146,79.9152,23.0033,24.2642,25.2006
71,29.8,29.2852,19.2252,79.9091,23.0034,24.2951,25.2541
72,32.6,31.9405,18.4094,79.9031,23.0036,24.3232,25.3019
73,34.4,33.9883,14.9636,79.8979,23.0037,24.3474,25.3414
74,35.5,35.4208,11.782,79.8938,23.0038,24.3682,25.3741
75,36.4,36.5043,10.4981,79.8902,23.0039,24.3877,25.404
76,37.4,37.48,10.2081,79.8868,23.0039,24.4072,25.4338
77,38.5,38.3673,10.011,79.8835,23.004,24.4267,25.4635
78,39.3,39.0203,7.9897,79.8807,23.004,24.4458,25.4922
79,39.5,39.2521,5.5681,79.8787,23.004,24.4639,25.5189
80,39,39.0691,1.4566,79.8778,23.004,24.4815,25.5445
81,38.5,38.6574,1.4466,79.8773,23.004,24.4987,25.5694
82,37.3,38.247,1.4367,79.8768,23.004,24.5158,25.5937
83,37,37.8377,1.4268,79.8764,23.004,24.5326,25.6176
84,36.7,37.4297,1.417,79.8759,23.004,24.5493,25.6411
85,35.9,36.5122,1.3951,79.8764,23.0041,24.5691,25.6708
86,35.3,35.5971,1.3735,79.8769,23.0041,24.5885,25.6997
87,34.6,34.6843,1.3522,79.8773,23.0041,24.6076,25.7277
88,34.2,33.2637,1.3194,79.8787,23.0042,24.6295,25.7615
89,31.9,30.3659,-22.9202,79.8822,23.0043,24.6605,25.8134
90,27.3,26.3513,1.1673,79.887,23.0045,24.6977,25.8775
91,22,21.4253,-15.5268,79.892,23.0046,24.7393,25.9504
92,17,17.4814,-12.0488,79.895,23.0047,24.7728,26.0065
93,14.2,14.4226,-7.7544,79.8967,23.0047,24.7968,26.0435
94,12,11.8956,-4.8788,79.8978,23.0047,24.8143,26.0671
95,9.1,9.2989,-2.5334,79.8987,23.0047,24.8289,26.0848
96,5.8,6.934,-0.9398,79.8992,23.0047,24.8399,26.0952
97,3.6,5.2133,-0.1122,79.8994,23.0047,24.8474,26.0986
98,2.2,3.6005,0.4153,79.8993,23.0047,24.8563,26.1049
99,0,1.8155,0.5901,79.8992,23.0047,24.8615,26.1038
100,0,0,0.7,79.899,23.0047,24.8652,26.0996
101,0,0,0.7,79.8987,23.0047,24.8688,26.0954
102,0,0,0.7,79.8985,23.0047,24.8725,26.0913
103,0,0,0.7,79.8983,23.0047,24.8761,26.0874
104,0,0,0.7,79.8981,23.0047,24.8798,26.0836
105,0,0,0.7,79.8978,23.0047,24.8836,26.0799
106,0,0,0.7,79.8976,23.0047,24.8873,26.0763
107,0,0,0.7,79.8974,23.0047,24.8911,26.0729
108,0,0,0.7,79.8972,23.0047,24.8948,26.0695
109,0,0,0.7,79.8969,23.0047,24.8986,26.0663
110,0,0,0.7,79.8967,23.0047,24.9025,26.0631
111,0,0,0.7,79.8965,23.0047,24.9063,26.0601
112,0,0,0.7,79.8962,23.0047,24.9102,26.0571
113,0,0,0.7,79.896,23.0047,24.914,26.0543
114,0,0,0.7,79.8958,23.0047,24.9179,26.0516
115,0,0,0.7,79.8956,23.0047,24.9218,26.049
116,0,0,0.7,79.8953,23.0047,24.9258,26.0464
117,0,0,0.7,79.8951,23.0047,24.9297,26.044
118,0,0,0.7,79.8949,23.0047,24.9337,26.0416
119,0,0,0.7,79.8947,23.0047,24.9377,26.0394
120,0,0,0.7,79.8944,23.0047,24.9417,26.0372
121,0,0,0.7,79.8942,23.0047,24.9457,26.0352
122,0,0,0.7,79.894,23.0047,24.9497,26.0332
123,0,0,0.7,79.8938,23.0047,24.9537,26.0313
124,0,0,0.7,79.8935,23.0047,24.9578,26.0295
125,0,0,0.7,79.8933,23.0047,24.9619,26.0277
126,0,0,0.7,79.8931,23.0047,24.9659,26.0261
127,0,0,0.7,79.8928,23.0047,24.97,26.0245
128,0,0,0.7,79.8926,23.0047,24.9741,26.023
129,0,0,0.7,79.8924,23.0047,24.9783,26.0216
130,0,0,0.7,79.8922,23.0047,24.9824,26.0203
131,0,0,0.7,79.8919,23.0047,24.9865,26.019
132,0,0,0.7,79.8917,23.0047,24.9907,26.0179
133,0,0,0.7,79.8915,23.0047,24.9949,26.0167
134,0,0,0.7,79.8913,23.0047,24.9991,26.0157
135,0,0,0.7,79.891,23.0047,25.0033,26.0147
136,0,0,0.7,79.8908,23.0047,25.0075,26.0138
137,0,0.0705,0.7469,79.8906,23.0047,25.0119,26.0134
138,0.2,1.0271,1.1986,79.8903,23.0047,25.019,26.0185
139,1.9,3.0763,2.6725,79.8896,23.0047,25.0327,26.0369
140,6.1,6.4979,6.6515,79.888,23.0047,25.0602,26.0829
141,11.7,10.849,11.9382,79.8849,23.0048,25.1004,26.1544
142,16.4,15.0102,14.0084,79.8808,23.0048,25.139,26.2224
143,18.9,18.0574,11.1967,79.877,23.0049,25.1658,26.2662
144,19.9,19.9522,8.2886,79.8741,23.0049,25.1832,26.2911
145,20.8,21.4382,7.5658,79.8715,23.005,25.1985,26.3116
146,22.8,23.1345,10.3527,79.8684,23.005,25.2156,26.3357
147,25.4,25.217,12.9948,79.8645,23.0051,25.236,26.3664
148,27.7,27.2508,12.6753,79.8604,23.0052,25.2568,26.3978
149,29.2,28.7287,9.3497,79.8569,23.0052,25.2748,26.4234
150,29.8,29.285,3.4757,79.8549,23.0052,25.2893,26.4419
151,29.4,28.9531,1.2231,79.8544,23.0052,25.3023,26.4573
152,27.2,26.5246,1.1709,79.8569,23.0053,25.3285,26.4994
153,22.6,22.1091,-16.0929,79.8613,23.0055,25.3669,26.5658
154,17.3,18.11,1.002,79.8645,23.0055,25.4009,26.6231
155,13.3,14.9855,-8.4864,79.8664,23.0056,25.4262,26.6628
156,12,13.8196,-7.0176,79.8667,23.0056,25.438,26.6749
157,12.6,13.437,1.3402,79.8664,23.0056,25.4455,26.6784
158,14.1,14.517,5.6272,79.8649,23.0056,25.4564,26.6888
159,17.2,16.7849,11.5695,79.8621,23.0056,25.4752,26.7152
160,20.1,19.7732,12.2577,79.858,23.0057,25.5011,26.7559
161,23.4,22.551,15.8024,79.8536,23.0058,25.526,26.7942
162,25.5,25.2105,13.4561,79.8489,23.0059,25.5508,26.8323
163,27.6,27.3387,13.2627,79.8446,23.006,25.5719,26.8629
164,29.5,29.2161,12.437,79.8404,23.006,25.592,26.8913
165,31.1,30.7836,12.359,79.8366,23.0061,25.6108,26.9169
166,32.1,32.1912,11.6775,79.8329,23.0062,25.6292,26.9419
167,33.2,33.6039,11.2154,79.829,23.0062,25.6483,26.9681
168,35.2,35.104,13.3188,79.8247,23.0063,25.6685,26.9964
169,37.2,36.5188,13.0412,79.8205,23.0064,25.6888,27.0248
170,38,37.2287,5.7823,79.8176,23.0064,25.7066,27.0482
171,37.4,36.931,1.4051,79.8169,23.0064,25.7225,27.0676
172,35.1,34.9936,1.3594,79.8193,23.0066,25.7481,27.1066
173,31,31.5302,1.2801,79.824,23.0067,25.7828,27.1637
174,27.1,28.1256,-21.0694,79.8281,23.0069,25.8158,27.2173
175,25.3,26.7204,-19.908,79.8291,23.0069,25.8343,27.2415
176,25.1,26.2889,1.1659,79.8288,23.0069,25.8459,27.2516
177,25.9,26.1403,3.9542,79.8281,23.0069,25.8572,27.2611
178,27.8,27.0973,9.55,79.8256,23.007,25.8714,27.2765
179,29.2,28.3091,9.3834,79.8226,23.007,25.887,27.2948
180,29.6,29.0604,5.7877,79.8203,23.007,25.9012,27.3102
181,29.5,29.188,2.3571,79.8191,23.007,25.9139,27.3226
182,29.2,28.8415,1.2206,79.8186,23.007,25.9261,27.3339
183,28.3,28.4566,1.2123,79.8182,23.007,25.9381,27.3449
184,26.1,26.0802,-19.3787,79.8205,23.0071,25.9631,27.3821
185,23.6,23.6576,-17.3746,79.8227,23.0072,25.9876,27.418
186,21,21.2393,-15.3727,79.8246,23.0072,26.0111,27.452
187,18.9,19.285,1.0245,79.8258,23.0072,26.0307,27.4779
188,17.1,17.4407,-11.9786,79.8268,23.0073,26.0489,27.5009
189,15.7,16.1252,-10.0283,79.8272,23.0073,26.0625,27.5148
190,14.5,14.8927,-8.3595,79.8275,23.0073,26.0748,27.5259
191,13.7,14.0888,0.9276,79.8275,23.0073,26.0841,27.5309
192,12.9,13.352,0.9145,79.8275,23.0073,26.0927,27.5346
193,12.5,12.9921,0.9081,79.8272,23.0073,26.0992,27.5342
194,12.2,12.6326,0.9017,79.8269,23.0073,26.1056,27.5336
195,12,12.2734,0.8954,79.8266,23.0073,26.1119,27.5329
196,12,11.9145,0.8892,79.8263,23.0073,26.1182,27.5321
197,12,11.556,0.883,79.826,23.0073,26.1243,27.5312
198,12,11.4164,1.7224,79.8256,23.0073,26.1305,27.5304
199,12.5,11.8192,3.1826,79.8248,23.0073,26.1376,27.5316
200,13,12.5971,3.3299,79.8237,23.0073,26.146,27.5352
201,14,13.5327,4.7742,79.8224,23.0073,26.1552,27.5407
202,15,14.8602,5.9727,79.8207,23.0073,26.1665,27.5505
203,16.5,16.5449,6.8705,79.8184,23.0073,26.1804,27.5655
204,19,18.5702,10.8796,79.8156,23.0074,26.1973,27.5864
205,21.2,21.0872,12.3361,79.8118,23.0074,26.2188,27.6166
206,23.8,23.7239,13.9599,79.8074,23.0075,26.2422,27.6507
207,26.9,26.4681,17.2736,79.8023,23.0076,26.2677,27.6887
208,29.6,29.3206,19.5046,79.7965,23.0078,26.2953,27.7309
209,32,32.1215,17.3064,79.7902,23.008,26.3236,27.7744
210,35.2,34.6544,21.4695,79.784,23.0082,26.3505,27.8148
211,37.5,37.091,19.1507,79.7776,23.0084,26.3776,27.8557
212,39.2,38.9725,16.264,79.772,23.0085,26.4014,27.8896
213,40.5,40.4639,15.1974,79.7671,23.0086,26.4234,27.9199
214,41.6,41.8513,14.5683,79.7623,23.0087,26.4455,27.9502
215,43.1,43.3366,16.9889,79.757,23.0088,26.4688,27.9829
216,45,45.082,19.655,79.7509,23.009,26.4944,28.0203
217,47.1,46.9696,21.7135,79.7441,23.0092,26.522,28.0613
218,49,48.8096,21.0357,79.7372,23.0095,26.5501,28.1034
219,50.6,50.3938,19.3163,79.7308,23.0096,26.5774,28.1437
220,51.8,51.648,15.8368,79.7251,23.0098,26.6036,28.1817
221,52.7,52.53,14.2226,79.7205,23.0099,26.6286,28.217
222,53.1,53.1573,10.3661,79.7166,23.01,26.6531,28.2512
223,53.5,53.5503,10.148,79.7134,23.01,26.677,28.2843
224,53.8,53.9345,9.9243,79.7102,23.0101,26.7011,28.3176
225,54.2,54.3433,9.9474,79.7069,23.0101,26.7255,28.3514
226,54.8,54.8016,11.671,79.7033,23.0102,26.7501,28.3857
227,55.3,55.3159,11.1735,79.6996,23.0102,26.7753,28.4208
228,55.8,55.7723,11.06,79.696,23.0103,26.8004,28.4558
229,56.2,56.1533,9.6558,79.6927,23.0103,26.8256,28.4909
230,56.5,56.3711,8.4158,79.6898,23.0104,26.8505,28.5253
231,56.5,56.3208,3.584,79.6878,23.0104,26.875,28.5588
232,56.2,55.8642,1.9025,79.6871,23.0104,26.899,28.5911
233,54.9,55.3912,1.8889,79.6865,23.0104,26.9228,28.6228
234,52.9,53.44,-41.9064,79.69,23.0106,26.9559,28.6734
235,51,51.9055,1.7908,79.6923,23.0108,26.9852,28.7162
236,49.8,50.428,1.7502,79.6945,23.011,27.0134,28.7566
237,49.2,49.4664,1.7241,79.6952,23.011,27.0375,28.7886
238,48.4,48.509,1.6983,79.6959,23.0111,27.0611,28.8193
239,46.9,46.535,1.6459,79.6991,23.0113,27.0907,28.8622
240,44.3,44.108,-34.2442,79.7032,23.0115,27.1224,28.9092
241,41.5,41.5871,1.5188,79.7073,23.0117,27.1535,28.955
242,39.5,39.1767,-30.1861,79.7109,23.0119,27.1828,28.9968
243,37,37.1819,1.411,79.7135,23.0121,27.2083,29.0309
244,34.6,34.2738,-26.1453,79.7175,23.0122,27.2388,29.0752
245,32.3,31.7821,1.2857,79.7206,23.0124,27.2655,29.1113
246,29,28.8373,1.2205,79.7241,23.0125,27.294,29.1511
247,25.1,25.439,-18.8484,79.7278,23.0126,27.3244,29.1947
248,22.2,23.0177,-16.8451,79.7298,23.0127,27.3471,29.2227
249,20.9,21.5715,1.0693,79.7307,23.0127,27.3626,29.236
250,20.4,20.6897,1.0518,79.7308,23.0127,27.3739,29.2408
251,19.5,19.8093,1.0346,79.731,23.0127,27.3848,29.2451
252,18.4,18.9302,1.0176,79.7311,23.0127,27.3955,29.2489
253,17.8,18.5634,1.0106,79.7308,23.0127,27.4025,29.2454
254,17.8,17.6865,0.9939,79.7309,23.0127,27.4127,29.2484
255,17.4,16.8302,0.9778,79.731,23.0127,27.4225,29.2505
256,15.7,16.4663,0.9711,79.7307,23.0127,27.4288,29.2459
257,14.5,15.6981,-9.4335,79.7307,23.0127,27.4375,29.2461
258,15.4,15.4734,2.9459,79.7303,23.0127,27.444,29.2418
259,17.9,17.0803,9.4495,79.728,23.0127,27.4567,29.2504
260,20.6,19.6745,12.5197,79.7244,23.0128,27.4771,29.2743
261,23.2,22.4645,14.8018,79.72,23.0129,27.5003,29.3038
262,25.7,25.3953,16.905,79.7149,23.013,27.5258,29.3381
263,28.7,28.5597,19.5667,79.7087,23.0132,27.555,29.3796
264,32.5,31.9438,24.3083,79.7015,23.0134,27.588,29.4285
265,36.1,35.3313,25.0332,79.6934,23.0137,27.6224,29.4803
266,39,38.2625,25.1873,79.6857,23.014,27.6533,29.5248
267,40.8,40.7076,18.4741,79.6785,23.0142,27.6811,29.5629
268,42.9,42.5717,20.1574,79.6725,23.0144,27.7052,29.5933
269,44.4,44.234,14.2976,79.6667,23.0146,27.7288,29.623
270,45.9,45.2504,14.3199,79.6624,23.0146,27.7496,29.6465
271,46,45.8137,7.3715,79.6592,23.0147,27.7691,29.6678
272,45.6,45.6864,1.6236,79.6579,23.0147,27.7873,29.6863
273,45.3,45.2531,1.6123,79.6574,23.0147,27.8051,29.7039
274,43.7,43.8001,1.5749,79.6592,23.0148,27.8294,29.7346
275,40.8,40.8207,1.4997,79.6642,23.0151,27.863,29.784
276,38,37.8513,1.4271,79.6688,23.0153,27.895,29.8302
277,34.4,33.9199,-25.8534,79.6748,23.0155,27.9322,29.8865
278,30.9,30.4084,1.255,79.6794,23.0157,27.9647,29.9333
279,25.5,25.9851,-19.3,79.6847,23.0159,28.002,29.9896
280,21.4,23.5119,1.1083,79.6869,23.0159,28.0248,30.0164
281,20.2,22.6272,1.0904,79.6871,23.0159,28.0362,30.0202
282,22.9,23.2686,10.5416,79.6854,23.016,28.0468,30.0226
283,26.6,26.1559,20.3338,79.6801,23.0161,28.072,30.0544
284,30.2,29.8235,22.8918,79.6729,23.0163,28.1068,30.1055
285,34.1,33.4598,27.5202,79.6648,23.0166,28.1428,30.1587
286,37.4,37.0841,27.7098,79.6558,23.017,28.1802,30.2148
287,40.7,40.4794,29.4429,79.6466,23.0174,28.2165,30.2683
288,44,43.7162,28.0948,79.6369,23.0178,28.2526,30.3213
289,47.3,46.4583,28.1115,79.6279,23.0182,28.285,30.3668
290,49.2,48.4579,19.1822,79.6206,23.0185,28.3126,30.4023
291,49.8,49.277,9.954,79.6165,23.0185,28.3341,30.4256
292,49.2,49.1443,2.2444,79.615,23.0186,28.3535,30.4445
293,48.1,48.7041,1.7035,79.6145,23.0186,28.3724,30.4625
294,47.3,48.2599,1.6916,79.6139,23.0186,28.391,30.4799
295,46.8,47.8173,1.6798,79.6134,23.0185,28.4095,30.4969
296,46.7,47.3764,1.6681,79.6128,23.0185,28.4276,30.5135
297,46.8,46.9371,1.6565,79.6123,23.0185,28.4456,30.5296
298,47.1,46.725,5.9007,79.6112,23.0185,28.4636,30.5457
299,47.3,46.8655,6.6381,79.6091,23.0186,28.4819,30.5626
300,47.3,46.9199,5.0332,79.6072,23.0186,28.5001,30.5793
301,47.1,46.7455,3.1627,79.606,23.0186,28.5181,30.5954
302,46.6,46.3468,1.6409,79.6053,23.0186,28.5358,30.611
303,45.8,45.9112,1.6295,79.6048,23.0186,28.5532,30.6262
304,44.8,45.4771,1.6182,79.6043,23.0186,28.5705,30.6409
305,43.3,44.0244,1.5806,79.6061,23.0187,28.5941,30.6685
306,41.8,42.5765,1.5437,79.6078,23.0188,28.617,30.6946
307,40.8,41.6437,1.5203,79.6085,23.0188,28.6359,30.7126
308,40.3,40.7131,1.4971,79.609,23.0189,28.6545,30.73
309,40.1,40.2964,1.4867,79.6085,23.0189,28.6692,30.7396
310,39.7,39.881,1.4765,79.6081,23.0189,28.6838,30.749
311,39.2,39.4668,1.4663,79.6076,23.0189,28.6982,30.758
312,38.5,38.5438,1.4438,79.6081,23.0189,28.7156,30.7733
313,37.4,37.1124,1.4094,79.6096,23.019,28.7361,30.7947
314,36,35.7359,-27.351,79.611,23.0191,28.7557,30.8141
315,34.4,34.2611,1.3423,79.6124,23.0191,28.7753,30.8338
316,33,32.8414,1.3097,79.6137,23.0192,28.794,30.8514
317,31.7,31.4256,1.2777,79.6149,23.0193,28.812,30.8677
318,30,30.0135,1.2463,79.6161,23.0193,28.8294,30.8828
319,28,28.094,1.2044,79.6179,23.0194,28.8495,30.9035
320,26.1,26.689,1.1744,79.6189,23.0194,28.8656,30.916
321,25.6,25.7983,1.1556,79.6192,23.0194,28.8777,30.9205
322,24.9,25.4197,1.1477,79.6189,23.0194,28.8862,30.9179
323,24.9,25.0419,1.1398,79.6185,23.0194,28.8946,30.915
324,24.3,24.6647,1.132,79.6181,23.0194,28.9029,30.9121
325,23.9,24.2884,1.1242,79.6178,23.0194,28.9111,30.909
326,23.9,23.9127,1.1165,79.6174,23.0194,28.9191,30.9057
327,23.6,23.0775,-16.8946,79.6176,23.0194,28.9301,30.9086
328,23.3,22.1423,1.0806,79.6178,23.0194,28.9414,30.9121
329,20.5,20.2378,1.043,79.6191,23.0195,28.9588,30.9279
330,17.5,18.3361,1.0063,79.6202,23.0195,28.9756,30.9425
331,16.9,17.0168,-11.334,79.6207,23.0195,28.9877,30.9478
332,16.7,16.6043,0.9736,79.6204,23.0195,28.9936,30.9405
333,15.9,16.2406,0.9669,79.6201,23.0195,28.999,30.9324
334,15.6,15.8775,0.9602,79.6198,23.0195,29.0043,30.9243
335,15,15.0775,0.9455,79.6198,23.0195,29.012,30.9211
336,14.5,14.7157,0.9389,79.6195,23.0195,29.0171,30.9125
337,14.3,14.3544,0.9324,79.6192,23.0195,29.022,30.9039
338,14.5,14.1431,2.6877,79.6187,23.0195,29.027,30.8955
339,15.4,15.2589,5.8993,79.6172,23.0195,29.0355,30.8944
340,17.8,17.3768,9.8381,79.6144,23.0195,29.0506,30.9066
341,21.1,20.0593,12.115,79.6106,23.0196,29.0712,30.9298
342,24.1,22.4923,13.6996,79.6066,23.0197,29.0904,30.9503
343,25,24.2481,8.1282,79.6033,23.0197,29.1057,30.9629
344,25.3,25.0591,6.0085,79.6013,23.0197,29.1164,30.9661
345,25.5,25.5984,3.6519,79.5995,23.0197,29.1264,30.9682
346,26.4,26.0113,6.6685,79.598,23.0198,29.1363,30.97
347,26.6,26.619,4.8675,79.5961,23.0198,29.1469,30.9733
348,27.1,27.0632,5.1365,79.5944,23.0198,29.1573,30.9761
349,27.7,27.5262,5.3901,79.5927,23.0198,29.1678,30.9795
350,28.1,27.899,4.7638,79.5911,23.0198,29.1783,30.9828
351,28.2,28.0846,3.7665,79.5898,23.0198,29.1886,30.9856
352,28.1,28.099,2.8248,79.5888,23.0198,29.1986,30.9881
353,28,28.0222,2.768,79.5879,23.0198,29.2085,30.9904
354,27.9,27.9729,2.9921,79.587,23.0198,29.2185,30.9928
355,27.9,27.9876,3.0187,79.586,23.0198,29.2285,30.9953
356,28.1,28.0316,3.4039,79.5849,23.0198,29.2385,30.9981
357,28.2,27.9859,2.0576,79.5839,23.0198,29.2485,31.0007
358,28,27.6274,1.1944,79.5835,23.0198,29.2582,31.0029
359,26.9,27.245,1.1862,79.5831,23.0198,29.2677,31.0048
360,25,25.8419,1.1565,79.5841,23.0198,29.2839,31.02
361,23.2,23.931,1.1169,79.5856,23.0199,29.3028,31.0408
362,21.9,22.5342,1.0885,79.5864,23.0199,29.3177,31.0535
363,21.1,21.7015,-15.7554,79.5866,23.0199,29.3284,31.0579
364,20.7,21.2793,1.0635,79.5863,23.0199,29.3361,31.0561
365,20.7,20.9089,1.0561,79.5859,23.0199,29.3433,31.0534
366,20.8,20.5496,1.474,79.5856,23.0199,29.3503,31.0506
367,21.2,20.8763,4.7362,79.5844,23.0199,29.3583,31.0496
368,22.1,21.7397,5.6927,79.5825,23.0199,29.368,31.0522
369,23.5,22.7274,7.2828,79.5804,23.02,29.3785,31.0565
370,24.3,23.5704,5.2345,79.5784,23.02,29.3888,31.0605
371,24.5,23.6878,1.3459,79.5774,23.02,29.3975,31.0613
372,23.8,23.3138,1.1043,79.577,23.02,29.4056,31.0609
373,21.3,20.9473,-15.1308,79.5788,23.02,29.4268,31.0869
374,17.7,17.9718,0.9993,79.5809,23.0201,29.451,31.1191
375,14.4,14.8679,-8.332,79.5828,23.0201,29.4735,31.1476
376,11.9,12.6087,-5.6235,79.5837,23.0201,29.4878,31.1595
377,10.2,10.9449,0.8724,79.5842,23.0201,29.4974,31.162
378,8.9,9.5398,-2.7232,79.5844,23.0201,29.5048,31.1601
379,8,8.4941,-1.9302,79.5845,23.0201,29.5102,31.1544
380,7.2,7.5232,0.8152,79.5844,23.0201,29.5149,31.1472
381,6.1,6.3629,-0.6372,79.5845,23.0201,29.5194,31.1399
382,4.9,5.1245,-0.0777,79.5844,23.0201,29.5234,31.1314
383,3.7,3.8965,0.3379,79.5844,23.0201,29.5266,31.1215
384,2.3,3.0026,0.5488,79.5843,23.0201,29.5289,31.11
385,0.9,2.3522,0.6583,79.5841,23.0201,29.5307,31.0977
386,0,1.3818,0.7151,79.5838,23.0201,29.5324,31.085
387,0,0,0.7,79.5836,23.0201,29.5336,31.0716
388,0,0,0.7,79.5834,23.0201,29.5348,31.0583
389,0,0,0.7,79.5832,23.0201,29.536,31.0452
390,0,0,0.7,79.5829,23.0201,29.5372,31.0323
391,0,0.1602,0.8253,79.5827,23.0201,29.5389,31.0203
392,0.5,1.0649,1.0936,79.5824,23.0201,29.5427,31.0129
393,2.1,2.6146,2.0893,79.5819,23.0201,29.5501,31.0127
394,4.8,5.0836,4.2943,79.5808,23.0201,29.5647,31.0269
395,8.3,8.371,7.6416,79.5789,23.0201,29.5879,31.0587
396,12.3,12.2277,11.5642,79.5757,23.0201,29.6188,31.1059
397,16.6,16.3145,14.7485,79.5713,23.0202,29.654,31.1613
398,20.9,20.13,16.1874,79.5662,23.0203,29.6869,31.2121
399,24.2,23.1322,14.5571,79.5614,23.0204,29.7117,31.2464
400,25.6,24.9182,8.6831,79.558,23.0205,29.7275,31.2624
401,25.6,25.3502,2.2189,79.5564,23.0205,29.7375,31.2667
402,24.9,24.9942,1.1388,79.556,23.0205,29.7461,31.2683
403,23.3,24.1061,1.1205,79.5563,23.0205,29.758,31.2766
404,21.6,22.2492,-16.2089,79.5576,23.0206,29.7759,31.297
405,20.2,20.8043,1.0541,79.5584,23.0206,29.7905,31.3105
406,18.7,18.953,-13.4786,79.5595,23.0206,29.8072,31.3284
407,17,17.5145,0.9907,79.5601,23.0206,29.8205,31.3395
408,15.3,16.1889,0.9659,79.5606,23.0206,29.8322,31.3474
409,14.2,14.9483,0.9432,79.5609,23.0206,29.8425,31.3524
410,13.9,14.5867,0.9366,79.5606,23.0206,29.8475,31.3467
411,14,14.2255,0.9301,79.5603,23.0206,29.8524,31.3409
412,14.2,13.8646,0.9236,79.56,23.0206,29.8571,31.335
413,14.5,13.9458,3.0386,79.5594,23.0206,29.8623,31.33
414,14.9,14.6199,3.8541,79.5582,23.0206,29.8688,31.3278
415,15.9,15.6116,4.9122,79.5567,23.0206,29.8768,31.3286
416,17.4,16.8072,5.7747,79.5549,23.0207,29.8861,31.3321
417,18.7,17.8778,5.5941,79.5531,23.0207,29.8951,31.3351
418,19.1,18.4432,2.9517,79.5518,23.0207,29.9027,31.3354
419,18.8,18.2684,1.5148,79.5512,23.0207,29.9091,31.333
420,17.6,17.925,0.9984,79.5509,23.0207,29.9152,31.3304
421,16.6,17.5596,0.9915,79.5506,23.0207,29.9212,31.3276
422,16.2,17.1947,0.9847,79.5502,23.0207,29.9271,31.3246
423,16.4,16.8303,0.9779,79.5499,23.0207,29.9329,31.3214
424,17.2,17.438,6.178,79.5486,23.0207,29.9405,31.3221
425,19.1,19.4809,11.1589,79.5456,23.0207,29.9558,31.3383
426,22.6,22.675,16.841,79.5407,23.0208,29.9825,31.3774
427,27.4,26.4743,22.0232,79.5341,23.021,30.0174,31.4329
428,31.6,29.9684,22.5807,79.5271,23.0213,30.05,31.4836
429,33.4,32.2914,13.8044,79.5216,23.0214,30.0726,31.5139
430,33.5,33.0599,5.1991,79.519,23.0214,30.0864,31.5265
431,32.8,32.834,1.3096,79.5182,23.0214,30.0981,31.5346
432,31.9,32.4395,1.3006,79.5178,23.0214,30.1094,31.5422
433,31.3,32.0461,1.2917,79.5174,23.0214,30.1206,31.5495
434,31.1,31.6536,1.2828,79.517,23.0214,30.1316,31.5564
435,30.6,30.7512,1.2627,79.5174,23.0215,30.1458,31.5699
436,29.2,28.8296,1.2204,79.5193,23.0215,30.1663,31.596
437,26.7,25.8908,1.1576,79.5223,23.0216,30.1928,31.6341
438,23,21.9874,-15.9921,79.5261,23.0217,30.2244,31.6825
439,18.2,17.4806,0.99,79.5298,23.0218,30.2587,31.7359
440,12.9,12.9222,-5.9746,79.5325,23.0218,30.2871,31.7773
441,7.7,9.2872,-2.5221,79.5339,23.0218,30.3051,31.7978
442,3.8,5.6108,-2.489,79.5347,23.0218,30.3248,31.8216
443,1.3,3.4167,0.4605,79.5348,23.0218,30.3334,31.8229
444,0.2,2.2802,0.6674,79.5346,23.0218,30.3354,31.8111
445,0,1.3904,0.7152,79.5343,23.0218,30.3364,31.7972
446,0,0,0.7,79.5341,23.0218,30.3369,31.7826
447,0,0,0.7,79.5339,23.0218,30.3374,31.7682
448,0,0,0.7,79.5337,23.0218,30.338,31.7539
449,0,0,0.7,79.5334,23.0218,30.3385,31.7398
450,0,0,0.7,79.5332,23.0218,30.3391,31.7258
451,0,0,0.7,79.533,23.0218,30.3398,31.7121
452,0,0,0.7,79.5328,23.0218,30.3404,31.6985
453,0,0,0.7,79.5325,23.0218,30.3411,31.6851
454,0,0,0.7,79.5323,23.0218,30.3418,31.6718
455,0,0,0.7,79.5321,23.0218,30.3425,31.6587
456,0,0,0.7,79.5319,23.0218,30.3432,31.6458
457,0,0,0.7,79.5316,23.0218,30.3439,31.633
458,0,0,0.7,79.5314,23.0218,30.3447,31.6204
459,0,0,0.7,79.5312,23.0218,30.3455,31.6079
460,0,0,0.7,79.531,23.0218,30.3463,31.5956
461,0,0,0.7,79.5307,23.0218,30.3471,31.5834
462,0,0,0.7,79.5305,23.0218,30.3479,31.5714
463,0,0,0.7,79.5303,23.0218,30.3488,31.5595
464,0,0,0.7,79.53,23.0218,30.3497,31.5478
465,0,0,0.7,79.5298,23.0218,30.3506,31.5362
466,0,0,0.7,79.5296,23.0218,30.3515,31.5247
467,0,0,0.7,79.5294,23.0218,30.3524,31.5134
468,0,0,0.7,79.5291,23.0218,30.3533,31.5022
469,0,0,0.7,79.5289,23.0218,30.3543,31.4912
470,0,0,0.7,79.5287,23.0218,30.3552,31.4802
471,0,0,0.7,79.5285,23.0218,30.3562,31.4694
472,0,0,0.7,79.5282,23.0218,30.3572,31.4588
473,0,0,0.7,79.528,23.0218,30.3582,31.4482
474,0,0,0.7,79.5278,23.0218,30.3592,31.4378
475,0,0,0.7,79.5276,23.0218,30.3603,31.4275
476,0,0,0.7,79.5273,23.0218,30.3613,31.4173
477,0,0,0.7,79.5271,23.0218,30.3624,31.4072
478,0,0,0.7,79.5269,23.0218,30.3634,31.3973
479,0,0,0.7,79.5267,23.0218,30.3645,31.3875
480,0,0,0.7,79.5264,23.0218,30.3656,31.3777
481,0,0,0.7,79.5262,23.0218,30.3667,31.3681
482,0,0,0.7,79.526,23.0218,30.3678,31.3586
483,0,0,0.7,79.5257,23.0217,30.3689,31.3492
484,0,0,0.7,79.5255,23.0217,30.3701,31.3399
485,0,0,0.7,79.5253,23.0217,30.3712,31.3308
486,0,0,0.7,79.5251,23.0217,30.3723,31.3217
487,0,0,0.7,79.5248,23.0217,30.3735,31.3127
488,0,0,0.7,79.5246,23.0217,30.3747,31.3038
489,0,0,0.7,79.5244,23.0217,30.3759,31.295
490,0,0,0.7,79.5242,23.0217,30.377,31.2864
491,0,0,0.7,79.5239,23.0217,30.3782,31.2778
492,0,0,0.7,79.5237,23.0217,30.3794,31.2693
493,0,0,0.7,79.5235,23.0217,30.3806,31.2609
494,0,0,0.7,79.5233,23.0217,30.3819,31.2526
495,0,0,0.7,79.523,23.0217,30.3831,31.2444
496,0,0,0.7,79.5228,23.0217,30.3843,31.2363
497,0,0,0.7,79.5226,23.0217,30.3856,31.2283
498,0,0,0.7,79.5223,23.0217,30.3868,31.2203
499,0,0,0.7,79.5221,23.0217,30.3881,31.2125
500,0,0,0.7,79.5219,23.0217,30.3893,31.2047
501,0,0,0.7,79.5217,23.0217,30.3906,31.197
502,0,0,0.7,79.5214,23.0217,30.3918,31.1894
503,0,0,0.7,79.5212,23.0217,30.3931,31.1819
504,0,0,0.7,79.521,23.0217,30.3944,31.1745
505,0,0,0.7,79.5208,23.0217,30.3957,31.1671
506,0,0,0.7,79.5205,23.0217,30.397,31.1598
507,0,0,0.7,79.5203,23.0217,30.3983,31.1526
508,0,0,0.7,79.5201,23.0217,30.3996,31.1455
509,0,0,0.7,79.5199,23.0217,30.4009,31.1384
510,0,0,0.7,79.5196,23.0217,30.4022,31.1315
511,0,0.1926,0.8567,79.5194,23.0217,30.404,31.1255
512,0.5,1.3176,1.3219,79.5191,23.0217,30.4089,31.1259
513,2.5,3.4627,2.9944,79.5183,23.0217,30.4205,31.1399
514,6.6,6.9117,7.1939,79.5166,23.0217,30.4454,31.1806
515,11.8,11.3393,12.4801,79.5133,23.0218,30.4838,31.2483
516,16.8,15.7562,14.9145,79.5088,23.0218,30.5233,31.3179
517,20.5,19.1763,13.8181,79.5044,23.0219,30.5513,31.364
518,21.9,21.1834,7.9304,79.5012,23.022,30.5673,31.3858
519,21.9,21.7256,2.6824,79.4997,23.022,30.5762,31.3931
520,21.3,21.4303,1.0664,79.4992,23.022,30.5835,31.3973
521,20.3,21.0596,1.0591,79.4989,23.022,30.5906,31.4012
522,19.2,19.6675,1.0319,79.4996,23.022,30.6044,31.4185
523,17.8,17.7668,0.9954,79.5006,23.022,30.621,31.4415
524,15.5,15.0776,0.9455,79.5021,23.0221,30.6407,31.4706
525,11.9,11.4808,-4.4574,79.5039,23.0221,30.6608,31.5003
526,7.6,8.5215,-1.952,79.5049,23.0221,30.6731,31.5144
527,4,5.9702,-0.445,79.5054,23.0221,30.6833,31.5242
528,2,3.7351,0.3803,79.5054,23.0221,30.6926,31.532
529,1,2.4742,0.6394,79.5053,23.0221,30.6952,31.5264
530,0,1.4498,0.7162,79.5051,23.0221,30.6965,31.5183
531,0,0,0.7,79.5049,23.0221,30.6973,31.5092
532,0,0.0186,0.7198,79.5046,23.0221,30.6981,31.5003
533,0.2,0.5817,0.9139,79.5044,23.0221,30.7004,31.4944
534,1.2,1.6312,1.267,79.504,23.0221,30.7045,31.4922
535,3.2,3.2278,2.5997,79.5034,23.0221,30.7119,31.4967
536,5.2,5.6675,4.4899,79.5023,23.0221,30.7257,31.5141
537,8.2,8.9423,7.8508,79.5002,23.0221,30.7484,31.5495
538,13,13.1313,12.9873,79.4966,23.0221,30.7836,31.6098
539,18.8,17.6497,17.8721,79.4914,23.0223,30.8247,31.6817
540,23.1,21.4688,17.5236,79.486,23.0224,30.8577,31.7371
541,24.5,23.7844,9.8184,79.482,23.0225,30.8766,31.7639
542,24.5,24.4991,3.1654,79.4801,23.0225,30.8866,31.7725
543,24.3,24.2608,1.1237,79.4795,23.0225,30.8944,31.7768
544,23.6,23.8852,1.116,79.4792,23.0225,30.902,31.7808
545,22.3,22.9994,1.0979,79.4794,23.0225,30.9129,31.7913
546,20.1,20.6334,-14.8709,79.4812,23.0225,30.9332,31.8209
547,18.5,19.191,1.0226,79.4819,23.0226,30.9466,31.8363
548,17.2,17.8018,0.9961,79.4824,23.0226,30.9591,31.8501
549,16.3,16.9407,0.9799,79.4825,23.0226,30.9676,31.8556
550,15.4,16.1065,0.9644,79.4826,23.0226,30.9754,31.8598
551,14.7,15.2992,0.9496,79.4826,23.0226,30.9827,31.8629
552,14.3,14.5193,0.9354,79.4826,23.0226,30.9894,31.865
553,13.7,14.1581,0.9289,79.4823,23.0226,30.9936,31.862
554,13.3,13.7974,0.9224,79.482,23.0226,30.9977,31.8589
555,13.1,13.437,0.916,79.4817,23.0226,31.0017,31.8557
556,13.1,13.077,0.9096,79.4814,23.0226,31.0056,31.8523
557,13.3,12.7341,1.2596,79.4811,23.0226,31.0094,31.8488
558,13.8,13.1717,4.0924,79.4802,23.0226,31.0144,31.8476
559,14.5,14.2217,3.285,79.4788,23.0226,31.0216,31.8511
560,16.5,15.2036,6.2691,79.4773,23.0226,31.0289,31.8548
561,17,16.2398,4.2281,79.4757,23.0226,31.0368,31.8596
562,17,16.5183,1.1799,79.4748,23.0226,31.0425,31.8601
563,17,16.1555,0.9653,79.4744,23.0226,31.0474,31.859
564,15.4,14.0956,0.9278,79.4754,23.0226,31.0614,31.8762
565,10.1,10.5082,-6.6397,79.477,23.0226,31.0807,31.9042
566,4.8,6.54,-0.7267,79.478,23.0226,31.104,31.94
567,0,2.519,0.1732,79.4783,23.0226,31.1209,31.9628
568,0,0,0.7,79.4781,23.0226,31.1213,31.9524
569,0,0,0.7,79.4778,23.0226,31.1215,31.9416
570,0,0,0.7,79.4776,23.0226,31.1218,31.931
571,0,0,0.7,79.4774,23.0226,31.122,31.9205
572,0,0,0.7,79.4772,23.0226,31.1223,31.9101
573,0,0,0.7,79.4769,23.0226,31.1226,31.8999
574,0,0,0.7,79.4767,23.0226,31.1228,31.8898
575,0,0,0.7,79.4765,23.0226,31.1232,31.8797
576,0,0,0.7,79.4763,23.0226,31.1235,31.8698
577,0,0,0.7,79.476,23.0226,31.1238,31.8601
578,0,0,0.7,79.4758,23.0226,31.1241,31.8504
579,0,0,0.7,79.4756,23.0226,31.1245,31.8408
580,0,0,0.7,79.4754,23.0226,31.1249,31.8314
581,0,0,0.7,79.4751,23.0226,31.1252,31.822
582,0,0,0.7,79.4749,23.0226,31.1256,31.8128
583,0,0,0.7,79.4747,23.0226,31.126,31.8036
584,0,0,0.7,79.4744,23.0226,31.1265,31.7946
585,0,0,0.7,79.4742,23.0226,31.1269,31.7856
586,0,0,0.7,79.474,23.0226,31.1273,31.7768
587,0,0,0.7,79.4738,23.0226,31.1278,31.7681
588,0,0,0.7,79.4735,23.0226,31.1282,31.7594
589,0,0,0.7,79.4733,23.0226,31.1287,31.7509
