t_s,speed_kmh,pack_kw,healthy_kw
0.01,0,0.7,0.7
0.03,0.337,24.8285,24.8285
0.05,0.6957,25.9902,25.9902
0.07,1.0545,27.1518,27.1518
0.09,1.4133,28.3135,28.3135
0.11,1.7721,29.4752,29.4752
0.13,2.1308,30.637,30.637
0.15,2.4896,31.7987,31.7987
0.17,2.8484,32.9605,32.9605
0.19,3.2071,34.1224,34.1224
0.21,3.5659,35.2842,35.2842
0.23,3.9247,36.4461,36.4461
0.25,4.2834,37.608,37.608
0.27,4.6422,38.77,38.77
0.29,5.001,39.932,39.932
0.31,5.3597,41.0939,41.0939
0.33,5.7185,42.256,42.256
0.35,6.0772,43.418,43.418
0.37,6.436,44.5801,44.5801
0.39,6.7947,45.7421,45.7421
0.41,7.1535,46.9042,46.9042
0.43,7.5122,48.0664,48.0664
0.45,7.8709,49.2285,49.2285
0.47,8.2297,50.3907,50.3907
0.49,8.5884,51.5529,51.5529
0.51,8.9471,52.7151,52.7151
0.53,9.3058,53.8773,53.8773
0.55,9.6645,55.0395,55.0395
0.57,10.0232,56.2017,56.2017
0.59,10.3819,57.364,57.364
0.61,10.7406,58.5263,58.5263
0.63,11.0993,59.6886,59.6886
0.65,11.458,60.8509,60.8509
0.67,11.8166,62.0132,62.0132
0.69,12.1753,63.1755,63.1755
0.71,12.534,64.3379,64.3379
0.73,12.8926,65.5002,65.5002
0.75,13.2513,66.6626,66.6626
0.77,13.6099,67.825,67.825
0.79,13.9685,68.9874,68.9874
0.81,14.3272,70.1497,70.1497
0.83,14.6858,71.3121,71.3121
0.85,15.0444,72.4746,72.4746
0.87,15.403,73.637,73.637
0.89,15.7616,74.7994,74.7994
0.91,16.1202,75.9618,75.9618
0.93,16.4787,77.1242,77.1242
0.95,16.8373,78.2867,78.2867
0.97,17.1959,79.4491,79.4491
0.99,17.5544,80.6115,80.6115
1.01,17.9129,81.774,81.774
1.03,18.2715,82.9364,82.9364
1.05,18.63,84.0988,84.0988
1.07,18.9885,85.2613,85.2613
1.09,19.347,86.4237,86.4237
1.11,19.7055,87.5862,87.5862
1.13,20.0639,88.7486,88.7486
1.15,20.4224,89.911,89.911
1.17,20.7809,91.0735,91.0735
1.19,21.1393,92.2359,92.2359
1.21,21.4977,93.3983,93.3983
1.23,21.8561,94.5607,94.5607
1.25,22.2145,95.7231,95.7231
1.27,22.5729,96.8855,96.8855
1.29,22.9313,98.0479,98.0479
1.31,23.2897,99.2103,99.2103
1.33,23.648,100.3727,100.3727
1.35,24.0064,101.535,101.535
1.37,24.3647,102.6974,102.6974
1.39,24.723,103.8598,103.8598
1.41,25.0813,105.0221,105.0221
1.43,25.4396,106.1844,106.1844
1.45,25.7979,107.3467,107.3467
1.47,26.1561,108.509,108.509
1.49,26.5144,109.6713,109.6713
1.51,26.8726,110.8336,110.8336
1.53,27.2308,111.9958,111.9958
1.55,27.589,113.1581,113.1581
1.57,27.9472,114.3203,114.3203
1.59,28.3054,115.4825,115.4825
1.61,28.6635,116.6447,116.6447
1.63,29.0217,117.8069,117.8069
1.65,29.3798,118.969,118.969
1.67,29.7379,120.1312,120.1312
1.69,30.096,121.2933,121.2933
1.71,30.454,122.4554,122.4554
1.73,30.8121,123.6174,123.6174
1.75,31.1701,124.7795,124.7795
1.77,31.5281,125.9415,125.9415
1.79,31.8862,127.1035,127.1035
1.81,32.2441,128.2655,128.2655
1.83,32.6021,129.4274,129.4274
1.85,32.9601,130.5894,130.5894
1.87,33.318,131.7513,131.7513
1.89,33.6759,132.9131,132.9131
1.91,34.0338,134.075,134.075
1.93,34.3917,135.2368,135.2368
1.95,34.7495,136.3986,136.3986
1.97,35.1074,137.5604,137.5604
1.99,35.4652,138.7221,138.7221
2.01,35.823,139.8838,139.8838
2.03,36.1808,141.0455,141.0455
2.05,36.5385,142.2071,142.2071
2.07,36.8962,143.3687,143.3687
2.09,37.2341,126.729,144.5303
2.11,37.5504,126.6098,145.6918
2.13,37.8648,126.7,146.8533
2.15,38.1773,126.7307,148.0148
2.17,38.488,126.8836,149.1762
2.19,38.7965,126.8391,150.3376
2.21,39.1031,126.6875,151.499
2.23,39.408,126.8444,152.6603
2.25,39.7109,126.8494,153.8216
2.27,40.0121,126.8407,154.9828
2.29,40.3114,126.8184,156.144
2.31,40.6089,126.83,157.3052
2.33,40.9049,126.8292,158.4663
2.35,41.1989,126.8154,159.6274
2.37,41.4914,126.8372,160.7884
2.39,41.7823,126.8472,161.9494
2.41,42.0714,126.8453,163.1104
2.43,42.3589,126.8317,164.2713
2.45,42.645,126.9526,165.4322
2.47,42.9294,126.9655,166.593
2.49,43.2123,126.9679,167.7538
2.51,43.4935,126.9098,168.9145
2.53,43.7733,126.9399,170.0752
2.55,44.0516,126.9103,171.2358
2.57,44.3285,126.9199,172.3964
2.59,44.604,127.0698,173.5569
2.61,44.878,126.91,174.7174
2.63,45.1505,126.8902,175.8778
2.65,45.4218,126.9117,177.0382
2.67,45.6917,127.0254,178.1985
2.69,45.9602,127.0291,179.3588
2.71,46.2274,127.0239,180.519
2.73,46.4934,127.0613,181.6792
2.75,46.758,127.0388,182.8393
2.77,47.0213,127.0075,183.9994
2.79,47.2833,126.9158,185.1594
2.81,47.5442,127.0237,186.3193
2.83,47.8039,127.0199,187.4792
2.85,48.0622,127.0078,188.6391
2.87,48.3194,127.0407,189.7988
2.89,48.5755,127.0134,190.9586
2.91,48.8303,127.0313,192.1182
2.93,49.084,126.9887,193.2778
2.95,49.3365,126.9919,194.4374
2.97,49.5881,127.0418,195.5968
2.99,49.8383,126.977,196.7562
3.01,50.0876,127.1209,197.9156
3.03,50.3357,126.9881,199.0749
3.05,50.5827,127.0108,200.2341
3.07,50.8288,127.0271,201.3933
3.09,51.0737,127.0914,202.5524
3.11,51.3176,127.0948,203.7114
3.13,51.5604,127.092,204.8703
3.15,51.8022,127.0828,206.0292
3.17,52.0431,127.0122,207.1881
3.19,52.283,127.102,208.3468
3.21,52.5218,127.0745,209.5055
3.23,52.7598,127.0971,210.6641
3.25,52.9967,127.1139,211.8227
3.27,53.2327,127.1253,212.9812
3.29,53.4678,127.1312,214.1396
3.31,53.7018,126.9613,215.2979
3.33,53.935,127.0691,216.4561
3.35,54.1673,127.0582,217.6143
3.37,54.3986,127.0992,218.7724
3.39,54.6291,127.0779,219.9305
3.41,54.8587,127.1087,221.0884
3.43,55.0874,127.0768,222.2463
3.45,55.3153,127.2136,223.4041
3.47,55.5423,127.0557,224.5619
3.49,55.7684,127.1832,225.7195
3.51,55.9937,127.0729,226.8771
3.53,56.2182,127.1916,228.0346
3.55,56.4418,127.1889,229.192
3.57,56.6646,127.0634,230.3493
3.59,56.8865,127.0509,231.5066
3.61,57.1078,127.0931,232.6638
3.63,57.3282,127.0717,233.8208
3.65,57.5478,127.0457,234.9779
3.67,57.7667,127.1947,236.1348
3.69,57.9847,127.1601,237.2916
3.71,58.202,127.1814,238.4484
3.73,58.4185,127.0779,239.605
3.75,58.6344,127.1512,240.7616
3.77,58.8494,127.0388,241.9181
3.79,59.0637,127.165,243.0745
3.81,59.2773,127.166,244.2308
3.83,59.4902,127.163,245.3871
3.85,59.7023,127.1561,246.5432
3.87,59.9137,127.1454,247.6992
3.89,60.1245,127.1924,248.8552
3.91,60.3345,127.1742,250.0111
3.93,60.5439,127.1521,251.1668
3.95,60.7525,127.1884,252.3225
3.97,60.9605,127.1589,253.4781
3.99,61.1677,127.1256,253.9434
4.01,61.3743,127.1512,254.0915
4.03,61.5803,127.1735,254.1502
4.05,61.7856,127.1295,254.1184
4.07,61.9902,127.1449,254.1509
4.09,62.1942,127.2203,254.0927
4.11,62.3975,127.1659,254.0993
4.13,62.6003,127.2352,254.0934
4.15,62.8023,127.1101,254.0753
4.17,63.0038,127.1731,254.0721
4.19,63.2046,127.2331,253.8826
4.21,63.4048,127.226,253.6967
4.23,63.6044,127.1513,253.5144
4.25,63.8033,127.1377,253.3356
4.27,64.0017,127.1211,253.1601
4.29,64.1995,127.1661,252.9879
4.31,64.3967,127.1434,252.8188
4.33,64.5933,127.1176,252.6529
4.35,64.7894,127.2194,252.49
4.37,64.9848,127.2532,252.33
4.39,65.1796,127.2187,252.1729
4.41,65.3739,127.1154,252.0186
4.43,65.5677,127.2067,251.867
4.45,65.7608,127.2294,251.718
4.47,65.9533,127.117,251.5717
4.49,66.1454,127.2006,251.4278
4.51,66.3369,127.1488,251.2865
4.53,66.5279,127.2275,251.1475
4.55,66.7183,127.2371,251.0109
4.57,66.9081,127.1099,250.8766
4.59,67.0975,127.2484,250.7445
4.61,67.2863,127.2503,250.6146
4.63,67.4746,127.2497,250.4869
4.65,67.6624,127.2466,250.3612
4.67,67.8496,127.2408,250.2376
4.69,68.0364,127.2326,250.1159
4.71,68.2226,127.2219,249.9962
4.73,68.4082,127.2088,249.8784
4.75,68.5935,127.33,249.7625
4.77,68.7783,127.2438,249.6484
4.79,68.9625,127.2235,249.5361
4.81,69.1462,127.2008,249.4255
4.83,69.3294,127.1756,249.3166
4.85,69.5121,127.2863,249.2094
4.87,69.6944,127.1875,249.1039
4.89,69.8761,127.2247,248.9999
4.91,70.0574,127.3295,248.8975
4.93,70.2382,127.2234,248.7966
4.95,70.4186,127.3242,248.6972
4.97,70.5985,127.2133,248.5993
4.99,70.7779,127.3103,248.5029
5.01,70.9568,127.1946,248.4078
5.03,71.1353,127.2172,248.3141
5.05,71.3134,127.3085,248.2218
5.07,71.491,127.3273,248.1308
5.09,71.7491,254.6273,248.0412
5.11,72.1006,255.1342,247.9527
5.13,72.4495,254.1651,247.8656
5.15,72.7967,254.1094,247.7797
5.17,73.1425,254.1187,247.6949
5.19,73.4868,254.1154,247.6114
5.21,73.8297,254.2569,247.529
5.23,74.1711,254.0715,247.4478
5.25,74.5109,253.9195,247.3676
5.27,74.8491,253.7329,247.2886
5.29,75.1856,253.5499,247.2106
5.31,75.5206,253.3704,247.1337
5.33,75.854,253.1943,247.0578
5.35,76.1858,253.0214,246.983
5.37,76.5161,252.8518,246.9091
5.39,76.8449,252.6852,246.8363
5.41,77.1722,252.5217,246.7643
5.43,77.498,252.3612,246.6934
5.45,77.8224,252.2035,246.6233
5.47,78.1453,252.0486,246.5542
5.49,78.4668,251.8965,246.486
5.51,78.7869,251.747,246.4186
5.53,79.1056,251.6002,246.3521
5.55,79.4229,251.4559,246.2865
5.57,79.7389,251.314,246.2217
5.59,80.0536,251.1746,246.1577
5.61,80.3669,251.0375,246.0945
5.63,80.6789,250.9028,246.0322
5.65,80.9897,250.7702,245.9706
5.67,81.2991,250.6399,245.9098
5.69,81.6073,250.5118,245.8497
5.71,81.9143,250.3857,245.7904
5.73,82.22,250.2617,245.7318
5.75,82.5245,250.1396,245.6739
5.77,82.8277,250.0196,245.6167
5.79,83.1298,249.9014,245.5603
5.81,83.4307,249.7851,245.5045
5.83,83.7305,249.6707,245.4494
5.85,84.0291,249.558,245.3949
5.87,84.3265,249.4471,245.3411
5.89,84.6228,249.3379,245.288
5.91,84.918,249.2303,245.2354
5.93,85.2121,249.1244,245.1836
5.95,85.5051,249.0202,245.1323
5.97,85.797,248.9174,245.0816
5.99,86.0878,248.8163,245.0315
6.01,86.3776,248.7166,244.982
6.03,86.6663,248.6184,244.9331
6.05,86.9539,248.5217,244.8847
6.07,87.2406,248.4263,244.8369
6.09,87.5262,248.3324,244.7897
6.11,87.8108,248.2398,244.743
6.13,88.0944,248.1486,244.6968
6.15,88.377,248.0586,244.6512
6.17,88.6586,247.97,244.6061
6.19,88.9392,247.8826,244.5615
6.21,89.2189,247.7964,244.5174
6.23,89.4976,247.7115,244.4738
6.25,89.7754,247.6277,244.4306
6.27,90.0522,247.5451,244.388
6.29,90.3281,247.4636,244.3459
6.31,90.6031,247.3833,244.3042
6.33,90.8772,247.304,244.2629
6.35,91.1504,247.2258,244.2222
6.37,91.4226,247.1487,244.1819
6.39,91.694,247.0726,244.142
6.41,91.9645,246.9976,244.1025
6.43,92.2341,246.9235,244.0635
6.45,92.5029,246.8505,244.025
6.47,92.7708,246.7784,243.9868
6.49,93.0378,246.7072,243.949
6.51,93.304,246.637,243.9117
6.53,93.5694,246.5677,243.8748
6.55,93.8339,246.4993,243.8382
6.57,94.0976,246.4318,243.8021
6.59,94.3605,246.3651,243.7663
6.61,94.6226,246.2993,243.7309
6.63,94.8839,246.2343,243.6959
6.65,95.1443,246.1702,243.6613
6.67,95.404,246.1069,243.627
6.69,95.6629,246.0443,243.5931
6.71,95.9211,245.9826,243.5596
6.73,96.1784,245.9216,243.5264
6.75,96.435,245.8614,243.4936
6.77,96.6909,245.8019,243.4611
6.79,96.946,245.7432,243.4289
6.81,97.2003,245.6852,243.3971
6.83,97.4539,245.6279,243.3656
6.85,97.7068,245.5713,243.3344
6.87,97.9589,245.5154,243.3036
6.89,98.2103,245.4601,243.273
6.91,98.461,245.4055,243.2428
6.93,98.7109,245.3516,243.2129
6.95,98.9602,245.2983,243.1833
6.97,99.2088,245.2457,243.154
6.99,99.4566,245.1937,243.125
