t_s,speed_kmh,pack_kw,shaft_kw
0.01,100.2442,245.0315,230.141
0.06,100.0254,-56.0385,-59.9046
0.11,99.8065,-56.0896,-59.9525
0.16,99.5873,-56.0528,-59.9102
0.21,99.3678,-56.1021,-59.9563
0.26,99.1479,-56.064,-59.9126
0.31,98.9278,-56.1115,-59.957
0.36,98.7073,-56.0719,-59.9119
0.41,98.4864,-56.1176,-59.9545
0.46,98.2653,-56.0767,-59.9081
0.51,98.0438,-56.1206,-59.9489
0.56,97.822,-56.0782,-59.901
0.61,97.5998,-56.1203,-59.94
0.66,97.3773,-56.1613,-59.978
0.71,97.1545,-56.1167,-59.9279
0.76,96.9313,-56.1559,-59.9642
0.81,96.7078,-56.1099,-59.9126
0.86,96.484,-56.1473,-59.947
0.91,96.2598,-56.0998,-59.8941
0.96,96.0352,-56.1353,-59.9266
1.01,95.8103,-56.1698,-59.9581
1.06,95.5851,-56.12,-59.9029
1.11,95.3594,-56.1526,-59.9326
1.16,95.1334,-56.1841,-59.9612
1.21,94.9071,-56.132,-59.9036
1.26,94.6803,-56.1616,-59.9303
1.31,94.4532,-56.1901,-59.956
1.36,94.2257,-56.1357,-59.8962
1.41,93.9979,-56.1623,-59.9199
1.46,93.7696,-56.1879,-59.9427
1.51,93.541,-56.2123,-59.9643
1.56,93.3119,-56.1546,-59.9012
1.61,93.0825,-56.1771,-59.9209
1.66,92.8527,-56.1985,-59.9395
1.71,92.6225,-56.2188,-59.957
1.76,92.3919,-56.1578,-59.8906
1.81,92.1608,-56.1761,-59.9062
1.86,91.9294,-56.1933,-59.9207
1.91,91.6976,-56.2094,-59.9341
1.96,91.4654,-56.2244,-59.9464
2.01,91.2327,-56.2383,-59.9575
2.06,90.9996,-56.1721,-59.886
2.11,90.7661,-56.1839,-59.8952
2.16,90.5322,-56.1946,-59.9032
2.21,90.2978,-56.2042,-59.9101
2.26,90.063,-56.2126,-59.9159
2.31,89.8277,-56.2199,-59.9205
2.36,89.592,-56.226,-59.924
2.41,89.3559,-56.2309,-59.9264
2.46,89.1193,-56.2347,-59.9276
2.51,88.8822,-56.2373,-59.9276
2.56,88.6447,-56.2388,-59.9265
2.61,88.4067,-56.239,-59.9242
2.66,88.1683,-56.2381,-59.9208
2.71,87.9293,-56.236,-59.9162
2.76,87.69,-56.2327,-59.9104
2.81,87.4501,-56.2282,-59.9034
2.86,87.2097,-56.2225,-59.8952
2.91,86.9689,-56.2155,-59.8858
2.96,86.7275,-56.2824,-59.953
3.01,86.4857,-56.2728,-59.9409
3.06,86.2433,-56.262,-59.9277
3.11,86.0005,-56.2499,-59.9132
3.16,85.7571,-56.2367,-59.8976
3.21,85.5132,-56.2221,-59.8807
3.26,85.2688,-56.28,-59.939
3.31,85.0239,-56.2627,-59.9193
3.36,84.7784,-56.2441,-59.8985
3.41,84.5324,-56.2972,-59.9521
3.46,84.2859,-56.2759,-59.9285
3.51,84.0388,-56.2533,-59.9036
3.56,83.7911,-56.2294,-59.8774
3.61,83.543,-56.2763,-59.9249
3.66,83.2942,-56.2496,-59.896
3.71,83.0449,-56.2931,-59.9401
3.76,82.795,-56.2635,-59.9083
3.81,82.5445,-56.2326,-59.8752
3.86,82.2935,-56.2712,-59.9146
3.91,82.0419,-56.2374,-59.8786
3.96,81.7897,-56.2727,-59.9147
4.01,81.4845,-56.2175,-59.8566
4.06,80.9691,-56.2038,-59.8413
4.11,80.4539,-56.1855,-59.8216
4.16,79.9389,-56.1624,-59.7974
4.21,79.424,-56.1348,-59.7686
4.26,78.9093,-56.1701,-59.8062
4.31,78.3947,-56.1327,-59.768
4.36,77.8803,-56.1573,-59.7952
4.41,77.366,-56.1763,-59.817
4.46,76.8519,-56.1239,-59.7644
4.51,76.338,-56.1322,-59.7758
4.56,75.8242,-56.1348,-59.7818
4.61,75.3105,-56.1319,-59.7824
4.66,74.797,-56.1234,-59.7776
4.71,74.2837,-56.1092,-59.7674
4.76,73.7705,-56.1524,-59.8179
4.81,73.2574,-56.1265,-59.7965
4.86,72.7445,-56.0951,-59.7696
4.91,72.2318,-56.1195,-59.8021
4.96,71.7192,-56.0764,-59.764
5.01,71.2067,-56.0882,-59.7843
5.06,70.6944,-56.0934,-59.7984
5.11,70.1822,-56.092,-59.8061
5.16,69.6701,-56.0842,-59.8075
5.21,69.1582,-56.0697,-59.8026
5.26,68.6464,-56.0487,-59.7914
5.31,68.1348,-56.0212,-59.774
5.36,67.6233,-55.9871,-59.7502
5.41,67.1119,-56.0031,-59.7803
5.46,66.6006,-55.9554,-59.7434
5.51,66.0895,-55.9569,-59.7595
5.56,65.5786,-55.9508,-59.7685
5.61,65.0677,-55.9372,-59.7702
5.66,64.557,-55.9161,-59.7647
5.71,64.0464,-55.8875,-59.752
5.76,63.5359,-55.8514,-59.7321
5.81,63.0256,-55.8606,-59.7615
5.86,62.5154,-55.8612,-59.7829
5.91,62.0053,-55.8017,-59.7404
5.96,61.4953,-55.7859,-59.746
6.01,60.9855,-55.7616,-59.7434
6.06,60.4757,-55.7288,-59.7328
6.11,59.9661,-55.7374,-59.7678
6.16,59.4566,-55.6873,-59.7405
6.21,58.9473,-55.6775,-59.7579
6.26,58.438,-55.6582,-59.7664
6.31,57.9289,-55.5817,-59.7139
6.36,57.4199,-55.5914,-59.7562
6.41,56.9109,-55.5438,-59.7377
6.46,56.4021,-55.4868,-59.7101
6.51,55.8935,-55.4663,-59.7236
6.56,55.3849,-55.4353,-59.7273
6.61,54.8764,-55.3939,-59.721
6.66,54.368,-55.3421,-59.7048
6.71,53.8598,-55.3237,-59.7271
6.76,53.3516,-55.2506,-59.6906
6.81,52.8436,-55.2528,-59.7391
6.86,52.3357,-55.2003,-59.7289
6.91,51.8278,-55.1363,-59.7079
6.96,51.3201,-55.1023,-59.7221
7.01,50.8125,-55.056,-59.7246
7.06,50.3049,-54.9973,-59.7154
7.11,49.7975,-54.9261,-59.6945
7.16,49.2902,-54.882,-59.7062
7.21,48.7829,-54.8244,-59.7052
7.26,48.2758,-54.7535,-59.6916
7.31,47.7687,-54.6692,-59.6653
7.36,47.2618,-54.6089,-59.6689
7.41,46.7549,-54.5341,-59.659
7.46,46.2481,-54.4813,-59.677
7.51,45.7415,-54.4131,-59.6807
7.56,45.2349,-54.3295,-59.6699
7.61,44.7284,-54.2305,-59.6447
7.66,44.222,-54.1504,-59.6448
7.71,43.7156,-54.0876,-59.6688
7.76,43.2094,-53.9741,-59.6378
7.81,42.7032,-53.9096,-59.6681
7.86,42.1972,-53.7945,-59.6435
7.91,41.6912,-53.6935,-59.64
7.96,41.1853,-53.6053,-59.6564
8.01,40.6795,-53.4669,-59.6183
8.06,40.1737,-53.3702,-59.6351
8.11,39.668,-53.2529,-59.6331
8.16,39.1625,-53.1151,-59.6121
8.21,38.6569,-52.9852,-59.6069
8.26,38.1515,-52.8337,-59.5819
8.31,37.6461,-52.7154,-59.6046
8.36,37.1409,-52.5734,-59.6058
8.41,36.6356,-51.8268,-58.8618
8.46,36.1305,-51.0265,-58.0513
8.51,35.6254,-50.2262,-57.2409
8.56,35.1204,-49.426,-56.4307
8.61,34.6155,-48.6258,-55.6205
8.66,34.1106,-47.8256,-54.8104
8.71,33.6058,-47.0255,-54.0005
8.76,33.1011,-46.2254,-53.1906
8.81,32.5964,-45.4254,-52.3809
8.86,32.0918,-44.6254,-51.5713
8.91,31.5873,-43.8254,-50.7617
8.96,31.0828,-43.0255,-49.9523
9.01,30.5784,-42.2255,-49.143
9.06,30.074,-41.4257,-48.3337
9.11,29.5697,-40.6258,-47.5246
9.16,29.0655,-39.826,-46.7155
9.21,28.5613,-39.0262,-45.9066
9.26,28.0571,-38.2264,-45.0977
9.31,27.5531,-37.4267,-44.2889
9.36,27.049,-36.6269,-43.4802
9.41,26.5451,-35.8272,-42.6716
9.46,26.0412,-35.0275,-41.8631
9.51,25.5373,-34.2279,-41.0546
9.56,25.0335,-33.4282,-40.2463
9.61,24.5297,-32.6285,-39.438
9.66,24.026,-31.8289,-38.6298
9.71,23.5223,-31.0293,-37.8216
9.76,23.0187,-30.2296,-37.0136
9.81,22.5151,-29.43,-36.2056
9.86,22.0116,-28.6304,-35.3977
9.91,21.5081,-27.8308,-34.5898
9.96,21.0046,-27.0312,-33.782
10.01,20.5012,-26.2316,-32.9743
10.06,19.9978,-25.432,-32.1667
10.11,19.4945,-24.6324,-31.3591
10.16,18.9912,-23.8328,-30.5516
10.21,18.4879,-23.0331,-29.7441
10.26,17.9847,-22.2335,-28.9367
10.31,17.4815,-21.4339,-28.1293
10.36,16.9784,-20.6342,-27.322
10.41,16.4753,-19.8345,-26.5148
10.46,15.9722,-19.0349,-25.7076
10.51,15.4691,-18.2352,-24.9005
10.56,14.9661,-17.4355,-24.0934
10.61,14.4631,-16.6357,-23.2863
10.66,13.9601,-15.836,-22.4793
10.71,13.4572,-15.0362,-21.6724
10.76,12.9543,-14.2364,-20.8654
10.81,12.4514,-13.4366,-20.0586
10.86,11.9485,-12.6368,-19.2517
10.91,11.4457,-11.8369,-18.4449
10.96,10.9429,-11.037,-17.6382
11.01,10.4401,-10.2371,-16.8315
11.06,9.9373,-9.4371,-16.0248
11.11,9.4345,-8.6371,-15.2181
11.16,8.9318,-7.8371,-14.4115
11.21,8.4291,-7.037,-13.6049
11.26,7.9264,-6.2369,-12.7983
11.31,7.4237,-5.4368,-11.9917
11.36,6.921,-4.6366,-11.1852
11.41,6.4183,-3.8739,-9.9554
11.46,5.9157,-3.188,-8.4332
11.51,5.4131,-2.5681,-6.6796
11.56,4.9104,-1.9894,-5.447
11.61,4.4078,-1.451,-4.0559
11.66,3.9052,-0.98,-3.1059
11.71,3.4026,-0.5221,-2.052
11.76,2.9,-0.1579,-1.3831
11.81,2.3974,0.2157,-0.6889
11.86,1.8948,0.4725,-0.3034
11.91,1.3923,0.7158,0
11.96,0.8897,0.7102,0
12.01,0.3871,0.7047,0
